id,first_name,last_name,email,gender,_row_
4e6e44b8-28d2-4a2a-ada2-afaf6f297079,Grete,Colum,gcolum0@yellowbook.com,Female,1
decb2604-c0a8-469b-af81-c32abbcbe4ae,Clyve,Otson,cotson1@google.com,Genderfluid,2
fa72dda9-c84a-4b32-adc2-d94b92508fec,Tonye,Paudin,tpaudin2@usa.gov,Genderqueer,3
68c562dc-5c15-4843-9c37-c063f7adb758,Lissy,Sherme,lsherme3@taobao.com,Agender,4
cb06ecbd-caa9-45a3-b254-e40d2ae8d234,Ginevra,Larkings,glarkings4@vistaprint.com,Bigender,5
3c35af32-ee1c-40d6-a4b3-83eab019884f,Hattie,Dittson,hdittson5@hao123.com,Male,6
27438bb9-c6a7-42a8-b730-aec458993a52,Phyllida,Vasyukhichev,pvasyukhichev6@npr.org,Non-binary,7
08272825-cd75-4512-a12c-86f1a494a49c,Alford,Lant,alant7@dot.gov,Female,8
ea964cbd-b573-4622-859f-431dc6b7db02,Susanna,Bent,sbent8@wufoo.com,Agender,9
93f8d478-e99f-4d49-8341-2d82b70b1196,Erda,Andrasch,eandrasch9@bizjournals.com,Agender,10
9f8f6d81-afd6-4e30-89ba-5c98d04d89dc,Serene,Dunnan,sdunnana@timesonline.co.uk,Genderfluid,11
7bad3bae-294b-4368-9880-892a7294c4b1,William,Easman,weasmanb@usda.gov,Male,12
2421f85b-b3d1-407c-b87a-b5ee78ea00e9,Zarla,Phillcox,zphillcoxc@un.org,Agender,13
f09417ed-6203-4fba-bf12-a1e9967993a0,Alan,Lorryman,alorrymand@themeforest.net,Polygender,14
0dd693e4-460c-42f1-86d1-689fac4bf7e5,Elna,Ducarel,educarele@spiegel.de,Non-binary,15
1b17f990-9620-40b6-9247-8757069a5b82,Grace,Dougher,gdougherf@japanpost.jp,Female,16
275103af-c34e-4dc1-8c2b-73f54be128fe,Marsiella,Isaacs,misaacsg@themeforest.net,Male,17
c2821522-2dd0-4b01-9de0-52a75854b885,Vivian,Guice,vguiceh@npr.org,Bigender,18
7683bc69-776b-49a1-954c-6e44263044fd,Martica,Dobel,mdobeli@cdbaby.com,Male,19
5a562de9-f688-4ef1-b0c6-b463003b0fda,Ethe,Maryman,emarymanj@multiply.com,Male,20
b11835ba-8e02-4a74-9f27-96088b8ea7c1,Pollyanna,Fulep,pfulepk@wikimedia.org,Polygender,21
fc77ce6d-07d1-494e-a4e3-3135e9094632,Etienne,Lassetter,elassetterl@bizjournals.com,Female,22
cd13aab6-8ce1-42f1-a58c-7afdb4b26190,Bessy,Truitt,btruittm@discuz.net,Non-binary,23
12de753d-0ad8-40f6-9398-4bea7eed9b40,Brunhilde,Swiffan,bswiffann@acquirethisname.com,Bigender,24
b633ced5-f1f5-4c89-aefc-5ba8cb1b0065,Marijo,Simmgen,msimmgeno@1und1.de,Non-binary,25
b86ba73e-bd10-4b36-88ee-4ed093933be7,Penn,Coldbreath,pcoldbreathp@springer.com,Non-binary,26
1208b3dc-f329-4ffb-b2fc-26c9f0966d44,Magdalena,Guinnane,mguinnaneq@nhs.uk,Bigender,27
c57cdf5b-e792-4888-bbfb-23d630024a06,Paulo,Honig,phonigr@liveinternet.ru,Genderfluid,28
16237c68-eca6-4684-aa9b-c706d1f241f7,Katherina,Digance,kdigances@patch.com,Genderfluid,29
05374daa-f5b8-4c33-b6de-8c806caa6096,Truda,Whitchurch,twhitchurcht@ustream.tv,Genderqueer,30
0228ad6d-9414-4982-9d41-b44dbfd0fc1b,Cynthea,Blankau,cblankauu@csmonitor.com,Non-binary,31
78516da6-ca30-4719-a15b-1efa9f1f30f2,Gery,Wallworke,gwallworkev@slideshare.net,Agender,32
3c062575-fb08-469f-b185-7db9b49e6622,Pia,Batram,pbatramw@weebly.com,Female,33
8a92f35d-edc0-405a-9f07-9baf46745bc7,Timothea,Fullard,tfullardx@hostgator.com,Genderfluid,34
f9a4a08e-b0b2-493e-915e-1e6b35bee13d,Winonah,Glanfield,wglanfieldy@sciencedirect.com,Agender,35
496c4bc4-6f45-4699-b44f-bda831b71faa,Elianore,Pittel,epittelz@bloomberg.com,Female,36
2a8fd31a-4fa7-4135-b682-50ccfd3348d1,Christiana,Lenormand,clenormand10@diigo.com,Male,37
7dace96a-3cd8-4a1a-8041-664407b87686,Albertine,Hegerty,ahegerty11@surveymonkey.com,Bigender,38
df943cb7-31af-4f06-884e-b24db632b638,Ricky,Sher,rsher12@geocities.com,Female,39
93f1fa46-2d88-4af4-96ab-a8f982d13244,Nappy,Vasechkin,nvasechkin13@indiatimes.com,Bigender,40
10a5e889-8182-47c9-9117-799728c79561,Lori,Cussons,lcussons14@discuz.net,Genderfluid,41
e1691edd-07af-411f-8e66-cb12b53be45b,Hersch,Stonebanks,hstonebanks15@moonfruit.com,Male,42
d83f9045-8e7a-4549-af99-c5bfe2f2d7f3,Margery,Jelf,mjelf16@google.es,Female,43
a3a43426-b786-4058-85f1-40eb1a25a7dd,Frederik,Vann,fvann17@ucoz.ru,Agender,44
72a99495-9bcc-4110-a652-9e850bd3ea5a,Perkin,Teeney,pteeney18@technorati.com,Non-binary,45
24b2c97b-53c0-4cbc-a1e6-664f2eac42da,Deck,Poundesford,dpoundesford19@npr.org,Bigender,46
ce0ee2b4-bfc8-4ca0-b883-fa67bffb2269,West,Pesic,wpesic1a@independent.co.uk,Male,47
91c88a72-52ce-4167-89a1-d25aca59ec35,Rora,Laister,rlaister1b@vistaprint.com,Genderqueer,48
3507896b-6d63-4e0e-ba4e-6633bf31ae3e,Dorene,Claris,dclaris1c@surveymonkey.com,Non-binary,49
00d4c2e0-f234-4743-8354-6294f722a90d,Vilma,Ivanikhin,vivanikhin1d@ihg.com,Non-binary,50
6cbb3afd-699b-4305-aa7d-29a737a6d841,Tatum,Grubbe,tgrubbe1e@mysql.com,Genderqueer,51
ed49e876-eba4-4a3d-a376-4060f3eac225,Shayla,Ikringill,sikringill1f@npr.org,Bigender,52
61c1439d-0de1-4b2c-87e3-33d1f3bd3f7e,Bernadine,Booi,bbooi1g@admin.ch,Genderfluid,53
1df933f0-9cd4-42bd-9d5f-3b4f453a1822,Roanna,Lockitt,rlockitt1h@timesonline.co.uk,Polygender,54
b9749903-444f-427a-be31-2e006fa56627,Jacinda,Huddy,jhuddy1i@businesswire.com,Bigender,55
951e2d75-37e6-4fa8-ad43-4b35d630d79a,Elmore,Minards,eminards1j@plala.or.jp,Polygender,56
9ecc312c-4268-4978-ad86-d04597f5a57c,Clifford,Gillyatt,cgillyatt1k@ed.gov,Bigender,57
c4e1a6e7-1965-4a17-ae52-b604f4be07b4,Fiann,Uridge,furidge1l@live.com,Female,58
99940cc0-419b-4494-b2cc-b5c4ce8f26c4,Sterling,Gettings,sgettings1m@ted.com,Polygender,59
cc5e743f-5926-4193-abcc-aa947fa8928d,Joete,Epelett,jepelett1n@hexun.com,Bigender,60
3eb75b29-50e3-4e39-baa2-f6c91911af8b,Ailbert,Markus,amarkus1o@businessweek.com,Agender,61
da85beda-b92a-4e32-8b64-1516f02844bb,Bear,Ody,body1p@technorati.com,Genderqueer,62
8e74c6bd-c408-442a-8f77-6e3f4fd45f0a,Gianina,Gracey,ggracey1q@seesaa.net,Agender,63
4c3a6ce3-d8b4-4cbe-bf4c-68f885b41cf5,Ransom,Paoli,rpaoli1r@blinklist.com,Polygender,64
43664dcc-01bd-435f-9544-20868db85832,Nancie,Shakspeare,nshakspeare1s@ucla.edu,Genderfluid,65
44f5a31b-a87d-4cd3-965e-7834ecb60da9,Elihu,Ladd,eladd1t@de.vu,Non-binary,66
847f1844-2ea2-41a0-92f9-2200a2215c39,Ursula,Mettricke,umettricke1u@examiner.com,Male,67
664ceae1-9b30-46e6-8742-7fdaf8ef50e3,Gwenora,Cottey,gcottey1v@tamu.edu,Polygender,68
5a4379fa-0217-4a83-8c9d-513bb9e1a7cf,Tadeo,Jurasz,tjurasz1w@cocolog-nifty.com,Agender,69
aec43893-5a0b-453f-bc38-486390ec172c,Elaine,Filkin,efilkin1x@cnet.com,Male,70
39cf781e-29c8-4c4a-9243-7967b30362fa,Hector,Gopsell,hgopsell1y@si.edu,Female,71
ba051cf3-a7ce-4e4c-b405-f3191606788f,Miner,Blaske,mblaske1z@nih.gov,Non-binary,72
767d0cb2-0c91-494c-93a6-85fb7d3ea59f,Belinda,Le Sarr,blesarr20@hubpages.com,Bigender,73
bbf00dd1-ad3c-45c0-8517-220dfcf4c540,Helena,Hegges,hhegges21@wunderground.com,Non-binary,74
0ed94d1f-678d-40e6-bfa7-17bdcefb0ed0,Fanya,Rauprich,frauprich22@moonfruit.com,Agender,75
1a55bd70-9551-4660-a9f4-f9e8518ac612,Evvie,Hariot,ehariot23@typepad.com,Genderqueer,76
6acdc182-1a72-4e1b-a5f6-166683a7ccc6,Lisette,Wilstead,lwilstead24@nps.gov,Genderfluid,77
8de6f8ad-18b7-4393-982b-55c049e03979,Felicia,Beynon,fbeynon25@jugem.jp,Genderqueer,78
66c52726-9c85-48e8-9d03-877123498b9e,Karia,Napoleone,knapoleone26@vk.com,Female,79
a3824605-8184-46cd-9af9-7f4c486b8f72,Erena,Ishchenko,eishchenko27@cargocollective.com,Genderqueer,80
f686e36e-551f-4ce5-b1bb-f7145c88fc5a,Jock,Dyble,jdyble28@sciencedaily.com,Non-binary,81
32c6d9ed-a991-44d4-af3b-fc07c963aa8e,Kariotta,Charlewood,kcharlewood29@webeden.co.uk,Agender,82
b45ee442-1c21-4069-bfdc-5df4e83f9e24,Hartley,Brown,hbrown2a@123-reg.co.uk,Agender,83
c3de3c12-5f39-4d89-9600-9355d67bb261,Carolee,Roja,croja2b@comcast.net,Genderfluid,84
ebc5ca8b-2d5d-4111-be2c-701a30f15e46,Fayth,Reilinger,freilinger2c@howstuffworks.com,Agender,85
e2871875-49a1-4e57-94bd-cbf43f7decad,Gris,Youthead,gyouthead2d@deviantart.com,Male,86
ccf13fe5-3f55-485e-b089-711a25638a5f,Lynelle,Sadgrove,lsadgrove2e@tinyurl.com,Bigender,87
be769e88-9f56-455b-90d3-0d4122234d3d,Dion,Martindale,dmartindale2f@bandcamp.com,Female,88
2b564fec-bc6a-4aa2-b295-c40aab573719,Julieta,Deason,jdeason2g@unc.edu,Agender,89
5535c77a-4be4-4bb3-be40-2649d6cc194d,Marty,Conichie,mconichie2h@cocolog-nifty.com,Non-binary,90
d7670bb4-e32b-4d63-84f8-eda1afcd7f98,Phillipe,Chastenet,pchastenet2i@mediafire.com,Genderqueer,91
de1bc0da-2993-4659-a493-734889fdcd4b,Teriann,Spino,tspino2j@ucsd.edu,Genderqueer,92
a167acdd-8dd2-4821-aede-8d11951bfee4,Melodie,Grennan,mgrennan2k@ustream.tv,Female,93
06424845-aaff-4968-b884-88f9fbc55767,Dalila,Kornacki,dkornacki2l@sphinn.com,Female,94
74134012-cf9a-4f1e-bd03-df513d50b4e0,Berkley,Stapels,bstapels2m@ameblo.jp,Genderfluid,95
70dc2fdb-d8a3-40e9-a397-b385097b2215,Octavius,Stannering,ostannering2n@etsy.com,Non-binary,96
23390320-3426-44e4-8631-7a172bc8b2c7,Erica,Pringell,epringell2o@linkedin.com,Female,97
00c7c10f-563b-4ab2-aa30-fc32f7ff301a,Micaela,Biggerdike,mbiggerdike2p@naver.com,Female,98
bc742c25-e095-44af-a41a-56a09c0483fc,Dell,Gilogly,dgilogly2q@blog.com,Male,99
2ea1f39f-2ab4-426a-af2f-4e132620bcd7,Phylys,Benion,pbenion2r@typepad.com,Genderfluid,100
793be44e-c870-4d75-8849-af31fae80db5,Pip,Timpany,ptimpany2s@t.co,Male,101
0810104d-64e0-4469-93b2-c7738d71ca1a,Hercule,Raffon,hraffon2t@paypal.com,Female,102
5fb6e0ae-f792-46c3-bcc7-3a708cdb0168,Camille,Terrington,cterrington2u@google.ca,Bigender,103
8a039a5b-ae20-487f-bd50-64af7fdbdeba,Gussi,Edsell,gedsell2v@ask.com,Non-binary,104
efbdc4d0-1e0d-4226-b38f-3b7430357ca7,David,Taillant,dtaillant2w@istockphoto.com,Genderfluid,105
ef776da6-eb03-43ca-827c-178d7d037d9e,Gabie,Pencott,gpencott2x@parallels.com,Genderfluid,106
5afe75b5-8945-4b2a-9b6c-9beda7f21a22,Margit,Redihalgh,mredihalgh2y@jimdo.com,Non-binary,107
d361885c-3509-4a6f-a8ee-c8b46b70febf,Raphael,Keuneke,rkeuneke2z@wiley.com,Genderfluid,108
5d323f46-cf31-4a0f-9cda-5f0a2fb4ed49,Dietrich,Collar,dcollar30@vimeo.com,Agender,109
b78e1b0b-8b4f-491d-8298-d036779dce63,Ozzie,Tatam,otatam31@globo.com,Female,110
e452a561-825a-4825-9268-fda79c49f4c8,Kira,Caltera,kcaltera32@yahoo.co.jp,Bigender,111
364e3375-73a2-42a2-96b7-fb1fa48d483c,Brnaby,Dielhenn,bdielhenn33@phpbb.com,Male,112
c2da2ca9-fd1b-46b5-929d-11b5e5ab4793,Anette,Connechie,aconnechie34@aol.com,Bigender,113
298b4ab8-6f1a-40d0-a9ef-2682a28ab207,Godiva,Dary,gdary35@stumbleupon.com,Female,114
5147a268-814a-4ec4-8ed5-215d4ec0e82a,Violet,Sivills,vsivills36@washingtonpost.com,Genderqueer,115
9e343cd5-3a0b-41bf-a6bb-6e0297d5c3bc,Felipa,Pearse,fpearse37@timesonline.co.uk,Genderfluid,116
5bf43436-5b5d-40c2-b3cc-c62cfd26bdea,Farr,Bucktrout,fbucktrout38@scientificamerican.com,Genderqueer,117
a2c76608-8344-4477-ae34-8e3aeb67d0a7,Haywood,Renol,hrenol39@de.vu,Agender,118
ee1ef6d7-772e-4a5f-b6e2-29e49e528a0b,Diannne,Gleeton,dgleeton3a@blinklist.com,Genderqueer,119
719353e1-6a78-4156-8810-47f81c22079a,Quintina,Buston,qbuston3b@sbwire.com,Female,120
a1043183-a3ae-448a-8b39-b46c9d97c8b4,Nevins,Tomei,ntomei3c@last.fm,Male,121
271ed074-ac92-41e1-b023-ff5913b2f196,Opaline,Aguilar,oaguilar3d@stumbleupon.com,Female,122
b11f9031-b4ce-42d9-90dd-03238651285b,Clemence,Nacci,cnacci3e@google.co.uk,Male,123
afa6e4c2-fc75-4788-8514-818e6dd85663,Rikki,Dancey,rdancey3f@woothemes.com,Non-binary,124
680ee4b7-0df1-4643-af41-73673d8b3c40,Fan,North,fnorth3g@sun.com,Genderqueer,125
87214758-196c-4420-a91e-680c50d1dbef,Karlene,Melsom,kmelsom3h@java.com,Agender,126
59a1f1ed-84e8-4e3b-89c4-9136c1afcdb0,Ban,Feeny,bfeeny3i@joomla.org,Female,127
237c6478-0f1e-40e1-a79d-a323f3e7e2a7,Gabriello,Tester,gtester3j@issuu.com,Non-binary,128
76113b09-f906-4e6a-80f3-a439ee004e49,Batsheva,Getch,bgetch3k@360.cn,Agender,129
2c077d12-d3fb-4b76-88a1-473d9ea62a41,Florenza,Adacot,fadacot3l@ox.ac.uk,Bigender,130
3442627b-f507-4244-bd14-c391268d044b,Bard,Orr,borr3m@hibu.com,Agender,131
ce50a98f-f5fd-4394-8ca7-6472e894b1d1,Garry,Sockell,gsockell3n@icq.com,Bigender,132
648924d5-00e8-46be-8c2d-605c9bdf65e0,Gabriella,Wort,gwort3o@elegantthemes.com,Non-binary,133
0f455a87-0af1-45f4-b804-c893a20c6ca6,Devin,Meran,dmeran3p@accuweather.com,Polygender,134
425375c7-b60b-4646-a391-3af3aff2a084,Riobard,Frugier,rfrugier3q@wufoo.com,Non-binary,135
b508eac0-2fcc-4a0f-8b50-f8e980f522e2,Alford,Clawson,aclawson3r@meetup.com,Agender,136
75a42c0d-22e7-402e-aa2a-a993c69d86d5,Dian,Salzberg,dsalzberg3s@opensource.org,Genderqueer,137
81f16c1d-91ec-487b-be92-c0974097ca35,Pietro,Gibard,pgibard3t@aol.com,Agender,138
57706981-f9c1-499c-9f30-871335a1d73f,Lindy,Bust,lbust3u@independent.co.uk,Genderfluid,139
cbbd9206-4b08-4faf-9820-4cac6d24444b,Yance,Fassmann,yfassmann3v@state.tx.us,Non-binary,140
fcb87513-52d2-4700-99e1-c2a30db9df65,Leila,Barge,lbarge3w@technorati.com,Male,141
05e794b1-e716-41cd-b59f-40ebda6764fc,Mabelle,Preuvost,mpreuvost3x@1688.com,Genderqueer,142
c1476012-0b9c-4199-8512-05982ed1b0a1,Ravid,Holdey,rholdey3y@meetup.com,Male,143
4d22e945-b634-4e68-b143-3127f947bcb9,Darnall,Tuxell,dtuxell3z@4shared.com,Male,144
74a89548-2a47-4f29-bc09-7d180d634c6f,Taffy,Gapper,tgapper40@bluehost.com,Bigender,145
6cd5bf31-119b-412f-a643-07da38fd114e,Kate,O'Mailey,komailey41@360.cn,Female,146
c6da3ae6-7798-42ec-82ea-c5865257d9bc,Stephan,Crookall,scrookall42@twitpic.com,Male,147
38ecdcf3-4840-4dec-a61d-86a009bd9dc1,Lenora,McGinty,lmcginty43@economist.com,Agender,148
25ccaa14-67d4-41c3-9d57-f472cf136d17,Alair,McDougall,amcdougall44@sina.com.cn,Genderfluid,149
07e82918-e76d-47dc-a402-408ba7eb8af3,Philipa,Creffeild,pcreffeild45@dyndns.org,Genderqueer,150
c8af19b0-c0cc-46e6-838d-d3fbe024c53c,Ashien,Bwye,abwye46@zimbio.com,Female,151
6614c5b1-e0a3-4e92-be25-f8d78e10443a,Deb,Champerlen,dchamperlen47@unblog.fr,Non-binary,152
846475cb-6cbb-4614-a373-f2d2ba3b971f,Elli,Pearse,epearse48@abc.net.au,Agender,153
bc20448b-4bb6-48b6-84ad-78dd62d178d1,Benedetta,Gecke,bgecke49@economist.com,Non-binary,154
c1d25f00-5665-48cf-a802-6049c173a4a5,Jorrie,Macourek,jmacourek4a@flavors.me,Genderqueer,155
913ee0f8-c361-4c51-89b1-efad327393c1,Giulio,Kullmann,gkullmann4b@npr.org,Non-binary,156
3e19b382-329f-4f12-a787-dff78ef79913,Lil,MacColm,lmaccolm4c@dion.ne.jp,Genderqueer,157
ba661a1a-327f-4022-bf46-7ba8e192731b,Saunderson,Ventura,sventura4d@google.it,Non-binary,158
8ca6b499-b682-4668-ad39-e77b564142fd,Sander,Snawden,ssnawden4e@sohu.com,Agender,159
6a0ddede-8d4e-4b0d-a7d9-8cc1241721f9,Mireielle,Stillert,mstillert4f@businesswire.com,Non-binary,160
3ed3be0a-1966-4576-baa2-713dc013f4eb,Carson,Highway,chighway4g@google.com.hk,Non-binary,161
12b47a84-5476-4459-85a3-bd2ff25100e8,Collette,Douris,cdouris4h@etsy.com,Non-binary,162
373cb06a-2586-4fdc-b1c1-ef24abbc350b,Mitchel,Sexty,msexty4i@cbsnews.com,Genderqueer,163
56fa200c-6ebf-4d8d-8b29-65a7e106b929,Ambrosio,Dougher,adougher4j@howstuffworks.com,Non-binary,164
14653c10-982c-4b0f-a6d6-dcca383f4a54,Mercy,Luscombe,mluscombe4k@japanpost.jp,Genderfluid,165
38a1ca34-3cb0-4ea3-9ac2-d3c361d2ba97,Hort,Cushe,hcushe4l@barnesandnoble.com,Genderqueer,166
cfa3571d-e6c6-47df-b620-16c874d82547,Beatriz,De Giovanni,bdegiovanni4m@skyrock.com,Polygender,167
35370247-c620-46f7-a0a1-6038e94572da,Renault,Lobley,rlobley4n@facebook.com,Non-binary,168
ec917c33-3310-4b93-9b04-23bd3f92036e,Joan,Causley,jcausley4o@tumblr.com,Polygender,169
529e5b31-d03c-451c-82ae-be783c059339,Wendall,Stoneham,wstoneham4p@constantcontact.com,Bigender,170
08d2c4dd-f5c7-4389-9102-7cedd5579c2e,Cammy,McPhilemy,cmcphilemy4q@ustream.tv,Non-binary,171
6cc3ec36-73f0-4e9f-a4eb-cd01045a5905,Ronica,Dybell,rdybell4r@chicagotribune.com,Genderfluid,172
932b0f12-0280-4067-bd6e-41fc2e06812a,Corly,Danielis,cdanielis4s@mozilla.com,Male,173
7d273b03-3d00-4d70-8a89-b5a1efa35e1b,Nollie,Bartusek,nbartusek4t@reverbnation.com,Genderqueer,174
19c5d9a9-0dbc-431e-b01f-8eecbe1f165c,Eddy,Sotheron,esotheron4u@jalbum.net,Female,175
6e49c654-07de-49db-9a22-0527568a28c3,Decca,Billany,dbillany4v@pinterest.com,Non-binary,176
98887087-ec23-4058-9a09-b0ea7ec65ce6,Zebadiah,Bracknall,zbracknall4w@independent.co.uk,Bigender,177
61ccedf1-d9a9-4214-9c31-b07c9a2aa25a,Sargent,Mapplebeck,smapplebeck4x@mit.edu,Agender,178
80e7b6b7-9436-4aee-a282-62444e3567a7,Sollie,Crookshank,scrookshank4y@google.de,Polygender,179
b74830f2-47c9-4d5e-8624-caad4fe2ae06,Jasmine,Golsworthy,jgolsworthy4z@cnet.com,Male,180
196fde85-723b-46c3-a582-dccb566db2cb,Thain,Wasteney,twasteney50@pcworld.com,Bigender,181
9b54b4be-8313-4c9c-a434-b4f74cfa71a9,Clark,De Brett,cdebrett51@hugedomains.com,Bigender,182
a8bd5581-968d-4744-83e9-69ad6c1e4b9f,Karly,Yurkin,kyurkin52@wisc.edu,Genderqueer,183
3819cbbe-9046-42e2-9731-f48514c86afd,Branden,Gramer,bgramer53@pinterest.com,Bigender,184
080f1174-8fff-42f3-9be2-5044a13bb903,Skipper,Stirley,sstirley54@joomla.org,Polygender,185
4141c1c2-abe4-4bb1-93cf-25f0cb9261da,Letizia,Lidgard,llidgard55@ovh.net,Non-binary,186
5082fa83-9883-414c-a969-096bb73e1598,Debora,Hall-Gough,dhallgough56@constantcontact.com,Non-binary,187
49171253-c648-489d-8011-333785b2c8ec,Jeanna,Bollen,jbollen57@dmoz.org,Genderqueer,188
007a249a-80e8-41d9-b53d-3910fd267ab0,Andres,Popley,apopley58@biglobe.ne.jp,Polygender,189
df13b293-9425-4184-892f-9a4b2cd33163,Forster,Coad,fcoad59@studiopress.com,Genderqueer,190
fa51e5ee-8279-49d9-aea9-b1f009a52f45,Yehudi,McGilleghole,ymcgilleghole5a@abc.net.au,Bigender,191
0051c8bf-523b-4b68-9ba7-90eee0f5f502,Anselma,Richardon,arichardon5b@digg.com,Non-binary,192
b332a6c5-37fa-4b6d-a33d-a3698705af83,Andrew,Missington,amissington5c@e-recht24.de,Bigender,193
e787d35b-944c-4ae8-b27a-227429e014fa,Prudi,Verrall,pverrall5d@shinystat.com,Non-binary,194
5a09fe6a-5fbc-4945-98fc-ffa8eec31128,Ivor,Danhel,idanhel5e@techcrunch.com,Male,195
a3039386-66fe-4307-909c-413becd85732,Marchelle,Perkins,mperkins5f@dropbox.com,Genderqueer,196
c3d5abee-4f04-493d-8b2c-a0e8755db520,Ransom,Louedey,rlouedey5g@wiley.com,Male,197
ac1e6e43-c12f-4313-b1d5-43dc478dc85d,Virgilio,MacGiolla Pheadair,vmacgiollapheadair5h@miibeian.gov.cn,Polygender,198
681a256d-e055-44ff-b4d1-941c9010046d,Giustino,Dows,gdows5i@senate.gov,Genderqueer,199
f8a9361b-e3c1-45d4-a33a-6e10ff958028,Giusto,O'Sheeryne,gosheeryne5j@shop-pro.jp,Female,200
d7899a56-125d-4a07-b0bd-0eed44c70fc5,Grete,Rushbrook,grushbrook5k@independent.co.uk,Genderfluid,201
0cc98dbc-3490-4a74-a349-55a860110423,Yardley,Filippone,yfilippone5l@gov.uk,Female,202
d66c4666-da88-42ac-be6f-18ef89744a47,Nydia,Landells,nlandells5m@timesonline.co.uk,Genderqueer,203
18f55530-47a4-4ee0-8ccc-cdc76f67e165,Graig,Rikel,grikel5n@google.com.hk,Agender,204
481da966-31c9-4ed3-88cf-268afd7ddd29,Jeff,Bento,jbento5o@wix.com,Genderfluid,205
cb6a04cb-d38e-45b4-a97b-50290c84388f,Gardner,Pitherick,gpitherick5p@princeton.edu,Agender,206
7f0bbadf-38a9-431a-8ae4-872d783eb807,Nessy,Ellor,nellor5q@walmart.com,Agender,207
dc2dc199-d30b-4963-a4ae-79d76b311f83,Tobe,Emig,temig5r@wisc.edu,Non-binary,208
625ac9a4-a7e1-4030-aaef-9b674adc84a7,Loralyn,Offill,loffill5s@cnbc.com,Bigender,209
fc3e6e06-ef07-4085-9827-1848dec314a4,Lita,Loades,lloades5t@flavors.me,Female,210
d27102ae-4121-4a69-8456-78cb885da929,Jobyna,Dunstone,jdunstone5u@live.com,Genderqueer,211
72737f66-037b-4900-90f0-709124f4498b,Riannon,Avramov,ravramov5v@webeden.co.uk,Non-binary,212
38d5e02c-3dea-4c51-8825-a31fa2b7e8e9,Arabela,Baroc,abaroc5w@businessinsider.com,Female,213
b4cbb40e-40a7-4a1a-b86b-ce2d31853b27,Sheffield,Ropp,sropp5x@salon.com,Female,214
0fb48dde-59ea-430d-8f17-ed9389ef66c1,Cecilia,Barnsdale,cbarnsdale5y@symantec.com,Male,215
5c99c5d9-5f3d-4c14-9d44-986f09058044,Gunter,Burgne,gburgne5z@symantec.com,Non-binary,216
edbc20ca-cc78-4119-bd38-cb091a49a993,Isaac,Smogur,ismogur60@epa.gov,Bigender,217
868da5e3-2c38-4e62-84a8-5a6b349b3005,Simon,Cockerill,scockerill61@abc.net.au,Bigender,218
7e1b574a-36c1-4f84-9f1e-b546a0189c0c,Leonerd,Horning,lhorning62@house.gov,Genderfluid,219
dd7343c0-8b0c-45e1-bbca-257be4dc8293,Netty,Shacklady,nshacklady63@w3.org,Genderqueer,220
1a496be9-121f-4713-9889-dbff50bef6e7,Saidee,Jills,sjills64@baidu.com,Polygender,221
3909e11e-af1d-45d5-898d-b1dfb94d137d,Ernesto,Hilldrup,ehilldrup65@odnoklassniki.ru,Bigender,222
1f55a30f-294f-4c00-9933-68cad528ead7,Tammie,Kirtley,tkirtley66@facebook.com,Genderfluid,223
511c40c9-bf2d-4020-872d-f577398e74ec,Neel,Martinuzzi,nmartinuzzi67@ovh.net,Agender,224
b2797f35-f0a5-4cc1-baf8-160690bce097,Neale,Wegner,nwegner68@posterous.com,Genderqueer,225
32d3a843-e267-4365-9909-de121934dfa1,Quintana,Paulin,qpaulin69@lycos.com,Female,226
7376a3ea-a7a6-4fa3-b2fd-ef6174859792,Almira,Celiz,aceliz6a@mit.edu,Female,227
ee9ace0a-7bd1-4551-8b14-5380a0915f03,Amby,Greenset,agreenset6b@uol.com.br,Polygender,228
a868a6c4-3508-4ec9-a36d-378e47dcb9bb,Jorie,Tetlow,jtetlow6c@prnewswire.com,Bigender,229
b552f5ab-d2d5-4f75-930e-b159a5be4f01,Lindsay,O'Dowd,lodowd6d@google.com.hk,Female,230
40fd6469-9cdc-4bd9-aa1b-e49fd556df39,Ricki,Endrighi,rendrighi6e@sciencedirect.com,Female,231
3facf1ee-b567-4da1-b7a1-95a49f84fd34,Kristien,Brogini,kbrogini6f@chronoengine.com,Male,232
d88cbba0-7787-47f0-93c6-a529961d3731,Linet,Bendel,lbendel6g@kickstarter.com,Bigender,233
7a0ff8bf-2ab8-47a9-a12c-16c362e359b6,Deerdre,Joynson,djoynson6h@blogger.com,Male,234
5c3f0b46-0f54-4486-be8c-0314c2a1c3cf,Cherlyn,de la Tremoille,cdelatremoille6i@phpbb.com,Genderqueer,235
962db5b8-c927-4248-acfb-d8e9acd417ce,Barrie,Bourley,bbourley6j@soup.io,Bigender,236
7f672f3a-cd05-44f6-8f09-e3ecd5aca4af,Shamus,Manklow,smanklow6k@ow.ly,Polygender,237
ebe3d9c0-1dbc-4aa1-9b95-3c53a1820e5b,Gill,Bolstridge,gbolstridge6l@ox.ac.uk,Genderfluid,238
7c6630df-b982-4cf5-ae27-c73f696a7506,Guss,Priddle,gpriddle6m@imageshack.us,Agender,239
b6a6ee9f-4512-4686-8a8e-b27d36f36272,Norry,Rallin,nrallin6n@ocn.ne.jp,Female,240
7c106e34-5b9a-4d1a-8d5b-1ee02eb43980,Marlane,Farnie,mfarnie6o@zdnet.com,Genderfluid,241
4f65c2c3-996c-4bfa-aa41-e12a6966ad54,Chucho,Hewell,chewell6p@sfgate.com,Genderfluid,242
8476b856-069c-426c-94fc-aa6a02b941eb,Kym,O'Sheerin,kosheerin6q@desdev.cn,Genderfluid,243
ddbb1ffb-7180-42a9-a8d7-237b8868caec,Corey,Aubury,caubury6r@unicef.org,Genderqueer,244
06500b41-e841-4519-b069-fda14b4644f5,Nikolia,Beetles,nbeetles6s@freewebs.com,Polygender,245
a1eb301f-637c-4b9b-a7bc-a241250a4649,Orland,Redier,oredier6t@nasa.gov,Bigender,246
aab3e6d2-95c2-4647-ae98-4491b52edeeb,Orson,Kennelly,okennelly6u@biglobe.ne.jp,Male,247
64c9b43e-64e2-4ee1-9488-527511b9c8fc,Fanny,Rault,frault6v@ihg.com,Genderfluid,248
c151ee01-8df6-4812-9283-f3ec5b283c2a,Flori,Burland,fburland6w@economist.com,Non-binary,249
de9ffac5-c442-4d14-8776-ef270eeb8fc7,Verile,Coatts,vcoatts6x@walmart.com,Genderfluid,250
